{
  "sections": {
    "product-template": {
      "type": "product-template",
      "settings": {}
    },
    "product-recommendations": {
      "type": "product-recommendations",
      "settings": {
        "heading": "YOU MAY ALSO LIKE",
        "products_to_show": 4
      }
    },
    "recently-viewed": {
      "type": "recently-viewed",
      "settings": {
        "title": "RECENTLY VIEWED",
        "max_items": 10
      }
    }
  },
  "order": [
    "product-template",
    "product-recommendations",
    "recently-viewed"
  ]
}